Power,Cadence,Bonk
0.25951605770516295,0.1162650066187371,1
-0.2406893280209383,0.08737305702353182,1
-0.33380136451690506,0.15929237398941204,1
-0.2162459468866164,0.21981666228809107,1
0.4456022308704517,-0.8949355556090886,0
-0.1609556799581629,0.3148932343947457,1
-0.009762357933285764,0.3056627862717939,1
0.2662799806261479,0.07820757548149719,1
-0.07583691968683909,-0.3099093667685912,1
-0.11061613303644917,1.042207472050681,0
-0.3264980350500659,-0.19005707051017007,1
0.5640625374883906,0.8637200976002545,0
-0.05384321725911698,0.36219104936711033,1
0.24907650974365744,-0.21136235873819031,1
0.266040355196369,-0.2529722390519282,1
0.010099877635934035,-0.28565669249179637,1
-0.9417354191897599,-0.32696930389742757,0
0.07472905544612497,-0.2937042827999204,1
-0.3413792248048946,-0.02699002414417656,1
-0.6387962425634154,-0.7339956772879658,0
0.20116143952792007,0.15325316736830263,1
-0.5521037976054626,0.87870560347877,0
-0.001948217781789767,-0.9946342130483776,0
0.2585274095718019,0.12003689129086129,1
-0.9308762019085371,0.4409036021386705,0
-0.9067986851057075,0.20748303858807068,0
0.2796652448883871,0.9963214789759064,0
0.35971804855124134,-0.07473879560486482,1
0.07847546623442223,-0.3105294494352096,1
0.2840790455767538,-0.13668001155109402,1
-0.2871167126486955,-0.8838987949641703,0
-0.2566339629467021,0.9986125505751153,0
-0.03784597468842173,0.27397536823323443,1
1.0084507543828594,0.029212230034143125,0
-0.1073326866518671,-1.1142627115008916,0
-0.7849638565575638,0.7401088768645327,0
-0.22093730192316235,0.21580647491029856,1
0.2369263833912914,0.2905688573539471,1
0.10712613479130974,-0.26202365823274965,1
0.7500253139868563,0.6183450867131892,0
-0.6239478743781727,-0.7362544935896008,0
0.3656060463085086,0.9393337145855969,0
-0.7160470604120956,-0.6635963064180267,0
0.4110640465852976,-0.070085449586773,1
-0.8457435920329115,-0.5842427463168449,0
-0.8894407125326017,-0.3619595745936366,0
0.2158841354781936,-0.3609386439140618,1
0.07761849590079112,0.3178663640980263,1
0.7838153022166929,-0.7345770166649243,0
-0.21301220906797647,-0.2794776928886543,1
0.13495624653726246,0.22370213949626025,1
0.014740622722369071,-0.3655783392419025,1
-0.9502394701911079,-0.14565098535286078,0
0.22108567839672386,0.1569335077439391,1
0.9076621804901063,0.3108527279023823,0
0.8898209573469881,0.3598977697821932,0
0.030143470333223208,0.3063981041420584,1
0.9582363906777925,0.13279756173792814,0
-0.973456127718336,0.39012590215058957,0
-0.19696939789875803,-0.22340214165296088,1
-0.709031698057625,-0.60174956946427,0
0.8478914150190378,0.4947237934382319,0
0.15525819241190342,0.08905495660634968,1
-0.9290601729332725,0.5029124314552341,0
0.0927445650953925,0.2768734282313639,1
-0.23127624196537772,0.22619179827685854,1
-0.09285377094597255,0.20182547643989118,1
-0.05195146402369476,-0.301562884301653,1
0.6616897895767124,0.7318798856621157,0
0.25279693807841225,0.1558310418608098,1
0.1890472557764047,0.9381111152891828,0
1.0010708980250393,-0.09436845385010369,0
0.15275766344055342,0.21878517970755607,1
-0.3156174695499419,0.022396112884364824,1
-0.8232302217866552,-0.550643890364156,0
-0.8705586261771989,-0.45806615678843826,0
-0.017526001222897367,0.23254269255254625,1
0.8494295605290786,0.42383614805416653,0
0.047645771391859826,0.35805592218304727,1
-0.8163264422835598,-0.6974010262056988,0
-0.12251908297310214,0.14588333812319626,1
0.7131503865853935,0.666861900091085,0
-0.8887217794686743,-0.4175108787269902,0
0.5783383966217184,0.7186950336762367,0
-0.6079946212443197,-0.7557992932679324,0
0.2302740256441997,0.2374828951112628,1
0.40766723370664365,0.0260738355876875,1
-0.3009643006249755,0.11022757829481628,1
-0.364209210780043,-0.0062661836882778104,1
-0.6487485984255728,-0.7959394148629524,0
0.1881298988327405,-0.9602540301535201,0
0.7928818647074372,-0.5512258327906783,0
0.36963497373411963,0.1604103124182545,1
-0.9704197419440389,0.41688848631631853,0
-0.276057501748889,-0.09418530243132542,1
0.7128340035036436,-0.8387950953621293,0
-0.3127699546736035,-0.04257899954776823,1
0.37666496773208996,0.9228925246445631,0
0.6264492077124977,0.6716137248384326,0
-0.10620621504167356,-0.2890906646583686,1
-0.24433344324541492,0.03663398840255082,1
-0.19297584873877788,-0.9700922266710058,0
0.21286203209122745,-0.20714086763892378,1
-0.966780557044046,-0.15128580467724165,0
-0.03786679361112447,0.26469596910527543,1
-0.1554275604110309,0.3408456298808377,1
0.21593004129012747,0.20043342966783614,1
0.27004739733726063,-0.16456081608329318,1
-0.41568816609996745,0.8551634235622018,0
0.0731893446068948,-0.27919609316701655,1
0.3066070383017677,0.1300226324208827,1
-0.23676813607146957,-0.19172299422711217,1
0.20654282877505462,0.0009923657551035095,1
-0.2685672368931775,-0.232566196157886,1
0.5239323660666676,0.8882715098793068,0
0.6974206816386354,-0.7233182827506068,0
-0.6110193774507944,0.7906236099038595,0
0.26592108604900366,-0.05023849896552429,1
0.19670419812061135,0.12141742893109599,1
-0.8100702450627648,-0.5184822472489958,0
0.08593411955247063,-0.30384405586874763,1
0.64423872416923,-0.8130377830603972,0
-0.2914249363655818,0.1788408354554624,1
-1.0623726974327008,-0.10028156638843704,0
-1.038810187919225,0.2265335066567916,0
0.2082025725451124,0.20934907847729176,1
0.17171548032293438,0.1626927953421427,1
0.7379840006979465,-0.5852466942843619,0
0.013279736753179911,-0.2843336948246292,1
-0.3101782768837603,-0.14706040264481304,1
0.1319530624524351,0.2864803521546106,1
-0.03512453541259006,-0.31830108100492943,1
-1.0077801296036875,-0.3116118935400155,0
0.34539939403586467,-0.0031440576852872666,1
0.19620766648032215,0.018993613614267837,1
0.7268817114072386,0.6771068868477075,0
0.047772495124881874,0.9577873825952553,0
-0.9551328471201944,0.37323369367366316,0
0.8543726012397755,0.24864720279262867,0
0.564330709106476,0.8204195939594763,0
0.842708329137361,0.48389538781042263,0
-0.8838033348702798,0.004495336992601247,0
-0.2219435370178018,0.187978991503361,1
-1.0035752237173252,-0.37608094731812275,0
0.04140454573940312,-0.32230428166393993,1
0.16898002048994526,-0.2958308927516501,1
-0.243489040542747,-0.21376987655987129,1
-1.0158288636794424,0.01664829517732634,0
-0.1455625586847265,-0.1834599827156057,1
-0.6105104318139394,-0.797289934118137,0
-0.10254176510130344,0.2571770586896508,1
-0.2850376174620273,0.9621330876992498,0
0.24555103277604584,-0.07727088736913582,1
0.6095646100357326,-0.7492722827592087,0
0.24842889034691917,-0.14841935974103387,1
0.8456086258804348,-0.4543430956895812,0
-0.8249404666060502,-0.7381998231424666,0
-0.19168148781302669,0.13782369435683392,1
0.6869231875190188,0.6841332022011862,0
0.06859496700437144,-0.35112473294770735,1
-0.06360307563260086,0.23542178365929983,1
-0.23289903317281618,-0.046445380425772675,1
-0.022918734283749825,0.22986855631735809,1
-0.17467491169568708,0.30844438252092304,1
-0.025598833185038805,-0.28235669437548044,1
-0.10768202800192356,0.27834224305370864,1
-0.8032517179714084,-0.5315185984366995,0
-0.1909718758570207,0.25096828832971174,1
-0.6432272645738758,-0.643724584825861,0
-0.7614281936665955,-0.6605190005581514,0
-0.1935392274051408,-1.0262422838931688,0
0.9309046227792556,-0.2360937304118205,0
0.20829394232502454,1.0023078521906106,0
0.28585274533052873,-0.04116634964647079,1
1.025451969323008,-0.2494927119577413,0
-0.1489934841993275,-0.9841539373315745,0
-0.961071743152135,-0.11775673877691067,0
-0.9188546232441378,-0.10217486365205614,0
-0.22486809225960377,-0.20244807717499297,1
-0.15547797156853946,0.24059482210850586,1
1.0576079974659371,-0.1474015179311135,0
-0.15197074699917354,0.2737239950694758,1
0.015811475725182923,-1.0199174804486522,0
0.26598162754998794,0.10501504641055424,1
-0.20093531085443864,-0.23068219771331394,1
-0.17423218250554967,0.9950418796062531,0
-0.23033477382545106,-0.994873430494279,0
-0.13188515391425354,-1.093876713345753,0
0.2603885239939082,-0.1458001102141673,1
-0.38502599085808253,-0.016554831869807378,1
0.17670365068230992,-0.1912661053827518,1
-0.1314864872842326,-0.20189296704981127,1
-0.057841069185197935,0.34305035328494804,1
-0.812687623793655,0.5405570516208468,0
-0.8995709391666622,0.4800465912052111,0
0.3415434466676196,-0.8322343249485056,0
-0.46954510684348966,-0.8678550146152185,0
-0.8994670137133973,0.4701671475801288,0
0.04877798742623488,0.2851253932848566,1
0.6044007542523192,0.8134471077806812,0
0.9596040329871866,0.35496563450450724,0
0.2849315836096594,0.11623096568970266,1
-0.19576819577025578,0.2273542009391107,1
0.24927186551193833,0.2273514430833622,1
-0.18842961852675236,-0.248525079785037,1
0.1693836519883519,0.3048689110879585,1
-0.5332895492417916,0.8738183545614092,0
0.17308075705143736,-0.29512797270301117,1
0.9301131685921039,-0.07859541295113961,0
-0.21641311531564084,-0.24118454703076136,1
0.6049768735538742,0.7572036805482193,0
-0.23144023227907495,1.0296426642183147,0
0.16249063369792294,-0.24397455063170861,1
-0.1788324286728728,-0.2814677637935419,1
0.013176607308229615,0.25413963686611113,1
-0.47399855383801226,-0.9056759290978618,0
-0.12260461009494174,0.2886309761270778,1
-1.0011298930587227,-0.015984196098626287,0
0.10424600492046268,-0.2962340293084171,1
-0.13907571106607775,0.1499568060184873,1
-0.7442688038425918,-0.5483427352274213,0
-0.3377724491139831,0.061796005812719004,1
0.27185764830447656,-0.0970120205866525,1
0.8073886523613096,0.5409788491407568,0
0.0880229661368008,-0.3427461305207872,1
1.049128326148751,0.05629558577606767,0
0.23062520372020676,0.13530322291969574,1
-0.2952414662575349,-0.9909837820754627,0
0.19752256982071886,-0.26240239630239515,1
0.28948473303909517,0.16520698401314415,1
-0.40875225922530456,-0.8706267077452193,0
0.30487433838895733,0.024909231891561766,1
0.9617340765862575,-0.170635085687165,0
0.1964027570389814,0.3518304495213386,1
0.896765091779806,0.4131339055181999,0
0.8734983944909501,0.35331418364449013,0
-0.9406974055222787,0.2929652189006996,0
0.41640294483141527,-0.13934641015817062,1
-0.792601815806462,0.7036781554531137,0
-0.5600145626608263,-0.8357095477914984,0
0.974176686830883,0.04826993118895421,0
-0.7829757349339083,0.5408576752802344,0
0.34201325457519266,0.09616484512354026,1
-0.3381183516306099,-0.21835184832845894,1
-0.8405328540812215,-0.5469691064429376,0
0.19444038424254068,1.068896513032579,0
0.5557763757215908,-0.7991516640032154,0
0.607293861215055,0.8324963278497617,0
0.5193703361889646,0.8074933429798629,0
-0.8305650769224245,-0.3982649618630686,0
0.5345208090560801,0.8232461421395619,0
0.3142733995362998,-0.048431414411718846,1
-0.3472119284323741,-0.14373232223567414,1
0.06311317919599113,-0.2383694443806462,1
0.1732979403542665,-0.9467617975746406,0
-0.6657087000998908,-0.7780292315380583,0
0.3102035226532675,0.06660746025060782,1
0.18818285870504162,-0.32334342935584265,1
0.22244870746054152,-0.2845827130684508,1
0.9202317959037768,0.049170721004322925,0
-0.3962473960084015,0.08365839371942749,1
0.8918645303370084,-0.3640949454962704,0
0.3770891336998668,0.8691340407944735,0
-1.0217744269401412,-0.17367675948769679,0
-0.18191681045012978,-0.913401827042233,0
0.034370105300044446,-0.303316213255347,1
-0.22892699817596973,-0.10524375954083712,1
0.0476250964325163,-0.9790404190812654,0
-0.03894208064236243,0.2716002643549128,1
0.07774606144222335,-1.0315360728275935,0
0.9855689026759904,-0.17708097679091042,0
0.07835147719162412,1.0185531238239656,0
0.06326692150214437,-0.28485236726200047,1
-0.9930328703189368,0.02262674459106686,0
0.28087754463995196,0.13979909583438313,1
0.8885653674474125,0.25974402723187034,0
-0.8220189897688992,0.6478608624584045,0
0.034962185144905115,0.32082170945129085,1
0.5390030875910421,0.8184588049274374,0
-0.22091798451575956,-0.12906997469419493,1
0.16523475508929653,0.22058294438426157,1
-0.2507231515373228,-0.06689232158735114,1
-0.9423131492409447,0.15317132845719061,0
-0.8987527214243533,-0.4783787473079649,0
-0.8724129269263343,0.49316535391131966,0
-0.32840537719515855,0.15429232876121707,1
-0.25418963542913975,-0.8982987597701533,0
0.7629855687500329,-0.5830735670737097,0
-0.9082646603534751,0.27240026029675357,0
0.2597350992674771,-0.1045764982282394,1
0.2617588398647704,-0.17052987690349247,1
-0.3354976817536657,-0.21060441665729185,1
0.3523223196436454,0.0322673272320749,1
0.9354785652556249,-0.4053459200401877,0
-0.09814933877611469,-0.9997559404556243,0
0.9262568453053354,-0.44280738349365667,0
0.14146300260678776,-0.30087762400582635,1
0.573601438140342,-0.7086603413621367,0
0.9184972557523706,0.07267439727188328,0
-0.43278181886698586,0.8997277877380833,0
0.26953981601845867,0.11281240880423704,1
0.783451870672235,-0.60784819988621,0
0.8620720863837803,-0.25842037746693686,0
0.5598327226018094,-0.7742900478950434,0
-0.3043323710538253,-0.10438964671464568,1
0.1826328842086656,-0.25601128753037283,1
-0.420458107069145,-0.9613872483641724,0
0.28970276144775853,0.2811593451842423,1
0.2365984962121451,-0.1924805018327307,1
0.18716927583022727,0.2433865701122981,1
0.10448889426731657,0.30517682587236133,1
0.27724861942103957,0.06291995665031665,1
0.11402375817530092,0.20608472577378237,1
-0.20871296026138023,0.12345952951149697,1
0.6983852405935926,-0.5880883644021648,0
0.9063217773252917,-0.5182214570293115,0
-0.9921938498471715,0.1936113497375706,0
-0.29173266763785166,-0.9664829829222115,0
-0.33706828199151406,0.10943744576732438,1
-0.7958051237720208,0.4706939964944022,0
0.5544181570842113,0.7906666376004506,0
-0.21514852731695744,0.9547645806768751,0
-0.8229385614075438,-0.6047458780120247,0
0.012291011861350079,0.3067476122244219,1
-0.22258949098432973,-0.0806472857295529,1
0.2849505795340574,0.04265765247472432,1
-0.37792458065736495,-0.9800599685841096,0
1.0397582371418745,-0.20242651555379265,0
-0.27845352910575755,0.178779979003397,1
-0.06300345363823594,0.9599094330379959,0
-0.2090336888514595,0.13904027737198013,1
-0.6293303725529741,-0.7350630048760932,0
-0.26964628421086734,0.06429199510697475,1
0.09606148600282285,0.23773003977744944,1
1.0262181373626456,-0.03674552072388997,0
-0.6930381901934236,-0.7148362256709152,0
-0.1940691226571004,0.23872221710334096,1
0.17233137175742774,0.18045024616467947,1
0.06166762536819583,-0.3840523887302738,1
0.29178872891250346,0.11730791018015153,1
0.9792488797363652,-0.32363446373629995,0
0.28463093730257893,-1.0299842637155634,0
-0.5080564188150829,0.8857983560199802,0
0.015134267449799347,0.9732925825155951,0
0.15534670235043746,-0.9434644597894227,0
0.48078783083716253,-0.8798928567400418,0
0.20886891561621468,0.1725023280235332,1
0.06544085459192273,-0.27994721874654704,1
0.3946883765397531,0.9398957057079808,0
0.2676458531657748,-0.20266885794241948,1
-0.6239246448003893,0.8683353084927423,0
-1.0134947075897087,-0.3587149866410404,0
0.10935686118830021,-0.19324780646285106,1
0.6340310334725082,0.8487842031223859,0
-0.8653620687298511,-0.5267717056502459,0
-0.124861424959818,1.0286295795049534,0
-0.8547649477640821,-0.5837214101541219,0
0.656745954691472,-0.8316782703607527,0
-0.5118722296900726,-0.8770664252035043,0
-0.26319445208956466,0.9012745316039281,0
0.5709187869254247,-0.784528688642598,0
0.16450739287400826,0.3146508806491121,1
-0.16279219559576089,1.003381838998931,0
0.7826435281942545,-0.5697014230212906,0
-0.44551712985471137,0.9114110244341564,0
0.885204140742094,0.30015561808518865,0
-0.3227709221147722,-0.09744981613432274,1
-0.7498920605257824,0.6919902118457902,0
0.12023223022792233,-1.0667369090929557,0
0.022281379419346686,-0.34412918773783424,1
-0.48335844381151827,0.8525578256571255,0
-0.24073309561028552,0.16067051320190384,1
-0.20662340868308088,1.0054858648748617,0
-0.5891983094396214,0.8818477349902668,0
1.0255809505734217,0.1053065111920074,0
-0.324764171531311,0.007019419004344147,1
0.9026320311539827,-0.2906027383536033,0
0.5561015018767905,0.859643824427271,0
0.13026057824922208,-0.2629232539877843,1
-0.22205231730715586,-0.20358175706021517,1
-0.8654078629450298,0.13521857490113254,0
-0.2812105389003545,0.9950678177739032,0
-0.38546295683797505,-0.14788912114518157,1
-0.9984406975488919,0.15009431721260233,0
-0.9043886023726765,0.3708239736069674,0
0.08006023936331619,-0.27938625534815,1
0.15558643974036376,0.01466346570667515,1
-0.07368622562873534,0.9564695144514889,0
0.3246400459784997,-0.10172490112536725,1
-0.3347852147207425,-0.06825295125398231,1
-0.7189804436768359,0.7258357796112892,0
0.8420013032982085,0.4721807837333324,0
-0.25189990126785666,0.15296957052630128,1
0.22712959564006072,0.945871699230496,0
0.1352993005167898,0.23171584317665897,1
0.685727579692225,0.6926777240324027,0
0.3931009019394487,-0.8153423824483677,0
0.6937425034242691,-0.6764598918008533,0
-0.3052654567857421,0.023113112948883564,1
0.27443144708554634,-0.06985914750977298,1
1.015255010169693,0.2812090801139735,0
0.9591733481072197,-0.3647965156740523,0
0.263192844235371,0.13249549439786235,1
0.25794492173384714,0.11317407221804086,1
0.06951037027375448,0.25901807368997276,1
-0.22329047179297837,0.13818521706089287,1
0.129666183265146,-0.24201704531904417,1
-0.5463911165047235,-0.7908134933204612,0
0.7419139871253648,0.5959005574246912,0
0.357250968833795,-0.016789907972301975,1
0.1788216662380382,0.03766570614808853,1
0.11700701948989309,-0.3671170530802046,1
-0.26327866742172745,-0.10357903554489277,1
-0.9274480118022878,-0.23106417725129547,0
-0.27976038455262614,-0.2441184977795838,1
-0.2673091369636138,0.1905935823798394,1
-0.12644732647562903,0.2869993709161984,1
-0.14050467678981868,-0.21728303418288825,1
0.26033339009751394,0.07570098790857668,1
0.7267239251722288,-0.6147253432459905,0
0.9789592076564777,0.31037719123362967,0
-0.2828972588143182,0.13223592935218606,1
0.9891161943537955,-0.23474812571647757,0
0.15685109006530457,0.2912159804631837,1
0.6169659952862365,-0.812337049008546,0
-0.06634844588644101,-0.9370602748800997,0
0.48105271875572897,0.8421207428103413,0
0.7344362011932465,0.6582606719756459,0
-0.08787677558906351,0.3399854126616787,1
-0.931671116546905,-0.20739399120141994,0
-0.9674565030842942,-0.4509024159106035,0
-0.17332233647225198,-1.028568293217407,0
-0.22875713443216417,-0.9041502844719574,0
0.8218265831833247,-0.5232450329499437,0
-0.8659529231498182,-0.25467934442356727,0
1.0259418072909343,0.17989704778043752,0
-0.6992725824872023,0.7722118507589957,0
-0.0600101545119933,-1.0066521170712248,0
-0.007140771069403161,-0.3632125537520269,1
-0.04928651768327334,0.2002402347282852,1
-0.9140184072495015,0.34020451078432534,0
0.16116732735004546,0.21931371475475372,1
0.28945647284299963,-0.11866551935583305,1
-0.17042053595254653,0.32727016830987715,1
0.268504686184095,0.17404296248439138,1
0.19620999530237054,0.21657572905511197,1
0.030578057430927598,0.2914831624972781,1
-0.5534750390409752,0.8382894365452592,0
-0.19646619363064244,0.28803702425886585,1
-0.1538669511956927,0.2485753621632453,1
0.13980751472874553,0.2585973415272695,1
0.033095442649198684,-0.27100973109541454,1
0.2257947034626644,-1.0491236801101458,0
-0.4348576899173069,0.9243171297724335,0
-0.8846636850109514,0.07890174859858927,0
-0.1288157348578179,0.30200486310693464,1
0.12816872150254036,-0.2664569675492615,1
-0.1411197809697283,0.3003097774841693,1
-0.031118909749540336,-0.9760955001686272,0
0.4358598141404369,-0.8948225984417874,0
0.6393277088422743,0.7552313297462674,0
0.214624712810854,0.9675111466836369,0
0.11287900501441638,0.21287176275411215,1
0.3006792324740555,-0.06888598285227086,1
0.16164923712481777,-1.0377984200541686,0
0.2747406595270324,1.038122171082861,0
0.06529746241059267,0.9351460166352341,0
0.4809137237201849,-0.9049406084193702,0
0.24445768155809625,-0.012000933070704642,1
0.886979503563946,-0.4975035086380242,0
0.32943312100310174,-0.8372461826871834,0
0.4869610514601871,0.8776958951319118,0
0.24955462647345728,-0.259803863082284,1
0.4461715921614859,0.8576171448153256,0
-0.35999135599221865,-0.8970920878014482,0
0.3029179745625473,-0.0794645461094184,1
0.25698408388210053,-0.1569276797081719,1
0.28135001929342246,-0.1759603262098736,1
0.04336748880275379,0.3319674531367102,1
0.11705996010492392,0.3416899852968927,1
0.10830202036085088,0.26290602145496533,1
0.42717038566366194,0.9591789293366544,0
0.8517832825509788,0.17783712266611118,0
0.23925171685788685,-1.0096837615498575,0
0.2324093215715881,0.11410978593249721,1
0.8815296351979864,0.4461664326718974,0
0.8734158090034585,0.5324611049454144,0
-0.4533040575507873,-0.8913625485033984,0
-0.521103810974651,0.8770065658276593,0
1.0566599391501694,-0.052901376728524914,0
0.06370188056455832,-0.3968444290849678,1
0.040725467296260795,0.2990523745128732,1
-0.36968889498257795,-0.08132156799671568,1
0.2826281511626505,0.9896284658909448,0
0.5031067409921544,-0.793052066762757,0
-0.5662114157326943,0.7765411717151709,0
0.7440009995318209,-0.6269673974415156,0
0.48312178891221935,-0.8006587656074885,0
-0.07440780646551572,-0.3019902262867357,1
0.03663967771325706,-0.31776278533527474,1
-0.33479133007247996,0.2231087274302771,1
-0.5629214483489822,0.8328958579541361,0
0.26642881127336493,-1.0234762790460923,0
0.15090020311820407,-0.29849346654702313,1
-0.23958385156066236,-0.14825660956436612,1
0.21407324044899045,-0.18914889419835978,1
-0.1848487197152315,0.2101982804430271,1
0.05834764331835822,-1.0410925264676418,0
0.2401068021390968,-0.0791471492524781,1
-0.32628021487174275,-0.004470788877885212,1
-0.991051394758697,-0.1444025161253405,0
0.17829931045192854,0.0865419214496598,1
-0.4693998052114001,-0.8719401271480931,0
1.017407579186242,0.19221880933368046,0
-0.6033824476309793,-0.8317675986171328,0
-0.2542549656012554,-0.07606752139140038,1
-0.9942538335186751,0.3729956990439222,0
-0.6943492268233832,0.899201851499955,0
0.29718010609841516,-0.046206827160372194,1
0.9216066803599166,0.2571886933052479,0
-0.2578368528678419,-0.9987234822981061,0
-0.11617011488899612,0.23857632448959365,1
-0.0016318562383737106,-0.16221018285277045,1
-0.44055635357240047,-0.8972112767871882,0
0.6660300644277201,-0.6718672703817717,0
0.23633770620935352,0.13792064893433753,1
-0.21440398577201353,-0.2620762225294623,1
-0.8530149101485069,0.6573760809531879,0
0.0696559651750543,0.24768937713230157,1
0.3558356616597434,0.9239203527602147,0
0.29364366475519277,0.20265421704882805,1
0.6242237238535541,0.7513072902409675,0
-0.020117188393822004,0.32991070226415087,1
-0.945557656268231,-0.43989738361463243,0
-0.055837037983735495,-0.315941409416041,1
0.6030264064930162,-0.7327634297903588,0
-0.3626665933847468,0.9643046327003717,0
0.6036588490290276,0.8074210696427794,0
-0.2936271196120891,0.037814043683314695,1
0.7826296551166857,-0.5836271222190619,0
-0.7602080142792591,0.7023801009807725,0
-0.9134622010465433,-0.23557030162906187,0
-0.9190906897116697,0.14661594248355914,0
0.8951475217881248,-0.1526045749970991,0
0.11849025560253917,1.063372114704934,0
0.2856827009561803,-0.17013854557526387,1
0.3348650341298959,0.03547660382589515,1
-0.23729130625370282,-0.23681903744343868,1
0.17344134747937406,0.3058498346969261,1
0.029124327074615586,0.9785332598514785,0
0.09957904297256041,1.0177825849257385,0
0.9156651661674269,-0.35860539801963637,0
-0.21137630240195857,0.2350209638837323,1
0.7442749470696333,0.5984262827002745,0
-0.08185787248836851,-0.28641191917671927,1
0.14409101302030797,-0.25609052036261165,1
-0.04926204099814484,-0.9968683723334915,0
-0.9612740705445615,-0.22652210209082455,0
0.8949647141886137,0.6180114482951442,0
-0.3803941739262115,-0.9598609020998569,0
-0.768877018198754,0.6240782541479735,0
0.3896224428276885,0.007427951939481114,1
-0.1880867938170047,-0.2312330094228241,1
-0.281820573416452,0.06771656367025385,1
-0.8962921362679085,-0.14509790640714307,0
0.7390683045424039,-0.7543495770684616,0
-0.1846055265949175,0.30800359417884365,1
-0.7830207575448326,-0.7396938562166758,0
-0.4392937006029067,-0.860471543739356,0
0.3003226499335994,-0.1663067191235221,1
-0.3253058203969891,0.9343291117915221,0
-0.020569648709793956,0.898437350816837,0
-0.23164202043891846,-0.06828173216082527,1
0.7330945471767104,0.6499778989217888,0
-0.2781030955871859,-0.9007710541776922,0
0.18427661112290392,-0.2314198899864191,1
-0.19338537757294397,0.9377648073114295,0
0.9895101931046525,-0.4241935845884171,0
0.2769382443512011,-0.9286513108644846,0
-0.025459762024273174,0.3388765620407472,1
-0.5686306810894917,-0.7198859427230975,0
0.8748259672307429,0.24279134550469256,0
-0.16981980467263258,-0.26843728477741013,1
-0.2267114746517153,-0.11115306314854899,1
-0.2843868382241679,-0.15809192694326749,1
0.40500855651369966,-0.8877127579298068,0
0.21983680795712252,0.14202177064557892,1
-0.0664067718478222,0.18555845815182892,1
0.895177870139932,0.5146097409595534,0
-0.5751384115792191,0.8058446911777402,0
-1.0074034344310152,0.01566224995715984,0
-0.17815573013622166,-0.22809454634552156,1
-0.17284807213075964,0.29670636784963944,1
-0.2898223352885751,0.0007756754347395221,1
-0.019168995299068438,-0.3195182087032075,1
-0.3234428494039032,0.9150051065940134,0
-0.8768656999603217,-0.4806717836218609,0
0.03997058758775623,0.2921497739876374,1
0.09985678586977743,0.21391938112799025,1
-0.3791589330234108,0.06531706068090334,1
1.0297736533736392,0.16880954885101437,0
-0.0037144473196625907,1.0446409749676746,0
-0.5727361519652449,-0.7755658904380371,0
-0.9613114946501967,-0.09525708512533305,0
-0.11325597676832672,0.25271438387022227,1
0.23313217678064319,-0.12933156042179839,1
-0.711592108613508,0.7427225443264378,0
0.13859100992924864,1.0242112280625555,0
0.06652107412452138,0.4324601114408505,1
-0.01955192105651153,0.25709282653254323,1
-0.5637211871242858,0.7529125890331155,0
-0.7572768279907907,-0.586404506869377,0
-0.192823273095602,-0.08950963681523008,1
-0.20535090701812267,0.22535302345007133,1
-0.33361810462625935,0.13898937553596327,1
-0.25363903107005936,0.22019866685317968,1
0.27678509514087346,-0.1983901486319534,1
0.314392150056053,0.07076909135692794,1
0.3679104643855621,-0.029355811421845027,1
0.9588721217059533,0.5411789140829324,0
0.11903617169786984,-0.2822496237413535,1
-0.41335310238879114,0.8098443015467419,0
-0.10012220582350836,-0.3898520997457925,1
-0.5237926795049805,0.7755250254186126,0
0.9351384212298259,0.16623947077277945,0
0.2868916758183331,0.04168049995234327,1
0.877756576782081,0.5383924444513788,0
0.30430598954810206,0.029619798047203258,1
0.23755812336458504,-0.21438862122518818,1
0.2557285926221918,0.04649781710470097,1
0.20274876210805795,-0.1567476134038383,1
0.9737603680606008,-0.35680084821074415,0
-0.9161690729092208,-0.3490991200816623,0
-0.2960251468198986,0.08476726143058261,1
-0.061346010022841374,-0.3928048588662102,1
-0.9094890529419908,0.29994307789598773,0
0.9856993830949154,0.39750979703618294,0
0.2973207962581598,-0.19103692009222045,1
0.7098933530317271,-0.7422743204671312,0
0.209487352085072,-0.15613105290654913,1
-0.17940498484054626,-1.1009190066510863,0
-1.0097890336196427,0.2454974488555284,0
0.9699113490428599,0.42383634359646394,0
0.2970443202912696,-0.13614919916762513,1
0.048754217310166305,-0.9420662249306182,0
0.9838859620964541,-0.4664782719926688,0
0.284908554148525,-0.08292500070800146,1
-0.0736281701830177,-0.25348713859745453,1
-0.24834086179836862,0.1266790936839544,1
-0.20916754354729789,-0.30531026263792244,1
-0.6285370173295284,0.6227734027649107,0
-0.17622196319150618,-0.25298202361352806,1
0.0014359132287409537,-0.2327722082013884,1
0.32333576697751576,0.05358713052432794,1
0.36953401879243697,-0.1512074032596461,1
-0.20794057376488478,-0.308027704628251,1
0.15062982469558156,0.3229295330039009,1
0.30247297259707284,-0.09297750241569983,1
-0.5393486125232683,0.859182082789443,0
0.029089049070996895,-0.2160100623201981,1
-0.25353721987870015,0.9819688722548835,0
-0.2898093977482402,-0.10527037023646611,1
0.28617733724169125,-0.08707832300285606,1
-0.3476282312590661,-0.04034498763838584,1
0.17750198499951136,0.9764971239466157,0
-1.0254979656551944,0.357707402036317,0
-0.22099099913462775,0.17510729812612222,1
0.32846705361646333,0.9028573621727594,0
0.4649498375555436,-0.7739036677122046,0
0.6197440224388127,-0.8740992827272618,0
-0.30229850039585726,-0.05733323572604515,1
0.14148580716176942,0.24090210474392612,1
-0.2840393677682254,-0.08997444642554125,1
-0.22196995884799875,0.2310882027971154,1
-0.014862265560976168,0.9794095360549495,0
0.7816167285907689,0.6293087343433882,0
-0.3089647827890491,0.992294442531587,0
0.2676595972108512,-1.0130477091513888,0
0.25760186965236276,-0.29317526077487766,1
-0.8483616455884027,0.4554248868020116,0
-0.04223119866823975,0.2870949721726641,1
-0.1283699010368138,-0.21468351035280217,1
-0.3497656237499217,-0.08873815844061761,1
0.9318782752985447,0.05710975353376524,0
-0.2232196337524617,-0.17227813312620094,1
0.9474763358347482,0.3458795643058959,0
0.8149394483052629,-0.6226771756862965,0
-0.1065474375165679,0.40083767050477526,1
-0.9846963845405885,0.007283065887477562,0
-0.6882538685285664,-0.5614917009315965,0
-0.3220168109661545,-0.04871830887456602,1
0.1868001949111676,0.20515340125917275,1
-0.06868703569795745,0.3119515066494634,1
-0.27906374693300656,0.1557370632979786,1
0.041824840712481354,-0.27995044626680166,1
-1.0219260154724248,-0.10656711758608402,0
0.04998350456621087,0.2360565947759695,1
-0.8312694902790706,-0.5373494716099378,0
0.48346760153601104,-0.8299963906601596,0
-0.381419812976982,0.9089193867944064,0
-0.23445156805428652,-0.1741374070844999,1
-0.044190831909207036,0.1736989128480185,1
0.18830424630822706,-0.30885522693662837,1
0.3024029113118981,0.1594906844085674,1
0.06207201364193579,-0.22254244539173174,1
1.0469420456983334,-0.16044833810501805,0
-0.2797146517870099,1.0122059995952501,0
-0.14417928607563185,0.9749957725532259,0
-0.18107976373939336,0.09836664528439301,1
0.24171480664632347,-0.17367496519106992,1
-0.317636452901634,0.003983183240309308,1
-0.0670432148706176,0.24645394434334586,1
-0.3775370401567563,-0.9771885109828194,0
0.8670607572299933,-0.40555236085874813,0
-0.5620331186286639,-0.7732340821370528,0
-0.6725843152579011,0.6906170167755749,0
0.05998523823875114,1.058806880613565,0
-0.05266041984923207,-0.26612550614453323,1
0.02524940764808252,0.30377129101918193,1
-0.2652828274218163,0.9733254798825469,0
0.1771636931965847,-0.23271488064033297,1
-0.7958408166339704,0.5904376294989848,0
0.06525235382803077,0.2872180867595181,1
-0.9328194030961041,-0.325981506595414,0
-0.8806901039766939,-0.5254117243637496,0
0.38176805551310544,-0.9509023099539023,0
0.028729658938665033,1.0034151076067486,0
-0.674080086084728,0.710462530776521,0
-0.8734340894874135,0.5290973821192562,0
0.7551816365478249,-0.7341452325347696,0
-1.0064831866978312,0.08528113243641453,0
0.4678341155611668,-0.8446386143016807,0
0.11993607460434372,-0.23290124819792585,1
-0.29074137038868114,-0.055057458220809034,1
0.03128779376459624,-0.2173675297287971,1
-0.1872597494790854,-0.24614014775003568,1
0.0454658908685937,-0.2464100472308403,1
0.05913012328894063,0.9342187323788756,0
-0.07751337079985209,0.30605014811332676,1
0.2775518786453471,-0.9038814054950765,0
-0.23086316009764576,-0.09634022049823336,1
-0.2787458607947795,-0.006121527250967457,1
-0.35246744930204976,0.059477804142845044,1
0.10093381474993535,-0.22194511801580488,1
-1.0167442650597798,0.37837490224215203,0
-0.043151059800824704,0.2465819089665853,1
0.11321660061943638,-0.2621230549445537,1
-0.25215043781291613,-0.05918249006235397,1
-0.27165525032216864,-0.1378373999188161,1
0.14390361899239695,-0.29417529653065644,1
0.04020405182585156,0.2755664633995325,1
0.04760126480193282,-0.3331623321101304,1
-0.30561413848559316,0.009648613200145303,1
0.1264772471259506,-0.9526587595927188,0
0.278342776957112,-0.004308286632353553,1
0.376522323361145,-0.0325478976596429,1
-0.951155939505793,-0.2528273092271066,0
-0.18454144153119673,-0.2253142218379213,1
0.6847437665035493,-0.6224085809445085,0
1.0089021037844712,-0.06447846996339851,0
0.14073167398270375,0.9936747926961799,0
-0.2008576843317379,0.19635105311839407,1
-1.1161528513253876,0.22511529676150518,0
-0.09467214473886867,-0.3096202983606379,1
-0.0029469845686677376,0.22153318008199974,1
-0.1021622129228543,0.23525381296542303,1
-0.04496320343443287,-0.9755579868418705,0
0.2729599937207796,0.034240605499253216,1
-0.13452291875039982,-0.25631608118712473,1
-0.9287210569993505,0.2921197712024003,0
-0.3085484225226878,-0.14863196266145404,1
-0.11564190115257994,0.2809732106638975,1
-0.6122530706508288,-0.8143763726021654,0
-0.00810579104479188,0.2494861595409725,1
0.4353939404721674,-0.9122381963456081,0
0.04158163691358947,-0.35818332487626287,1
-0.3482475322325026,0.1537691227671862,1
-0.28827306443372763,-1.0339589033225376,0
-1.0058528108912113,-0.23230213986421017,0
-0.2601986844759841,-0.09789636669696063,1
-0.011407648199639867,0.30065621811470444,1
0.0005477270438674943,0.29675604262345706,1
-0.8193364491742083,-0.38055782275877753,0
0.06524665984553554,-1.0360941846473306,0
0.11889422518295495,-0.916232805768562,0
-0.9589830612292264,0.3305553480169708,0
0.2982214422156175,-0.2041741609560381,1
-0.31617400840980114,-0.2033140247807536,1
0.9881673161217743,-0.4122152114191153,0
-0.31113192831064973,-0.9048855382868973,0
0.18573320557271628,-0.027977275761544605,1
-0.07229835672916596,0.28638810034699974,1
0.25884907002396124,-0.08864128973757412,1
0.2689320284862049,-0.24126448623393107,1
0.0756851827979165,-0.2809914196121029,1
0.04945258331143701,0.30172898891374456,1
-0.084893345690855,-0.323075781772112,1
-0.2689930719143656,-0.2152483032513683,1
-0.05766623610891961,0.24086594371849995,1
-0.08726010244046402,-0.2096489449556421,1
0.24501812119409433,0.17563751202497646,1
0.19235165260536424,-0.07542651973887608,1
0.1116798022080813,0.28948788101231565,1
-0.22137248462088022,-0.17258646864190202,1
0.4686047339126814,0.7845211163418125,0
-0.9784477669406692,0.13135803147100522,0
-0.2926511254017408,0.17458801559192644,1
-0.41248248524283665,0.9393346020824741,0
0.28664951723015225,0.00779650677503127,1
0.8783301639928951,0.43701058083452365,0
0.304968421115147,0.11364427176080226,1
-0.42644430125149546,0.749604272060167,0
-0.1351085723668703,0.2761470025623449,1
0.04617693619807433,-0.3562932917093482,1
-0.04488814089722476,-0.27380335927027705,1
-0.10099480465327766,-0.2650279641332365,1
0.2075439327310328,-0.2749849359762617,1
-0.3290124305730703,0.0714548620470885,1
0.3762617734269977,0.9318454385175439,0
0.23823040433890635,0.18440340089028476,1
-0.9907806484589511,0.15393787248455015,0
-0.3027297960195077,-0.03205768196494045,1
0.1312970764344788,0.2820127116752313,1
-0.14906698007929486,0.264128287169809,1
0.8879144775309653,-0.5419103042025499,0
0.23556895180234222,0.2634706405246214,1
0.07971556858128895,-0.306379659396554,1
-0.8195632201526312,0.4617048696305154,0
0.17722354102964438,-1.0314776931193097,0
-0.23181975362098592,-0.12184721400238412,1
0.2652606341574073,-1.0056741554230642,0
-0.29494397039200543,-0.08424198868801255,1
-0.13965439859158307,-0.26594747650239703,1
-0.9531407837468512,0.3245889490654581,0
0.9315312330878581,-0.02991870516102793,0
-0.2799824660071629,-0.059760956376006154,1
-0.05857612825120828,0.32256701969445517,1
0.24790535119306603,-0.2631520170113627,1
0.06911502342038596,0.21702500789206652,1
-0.22766003610820665,-0.017173885174680714,1
0.21575435606062066,0.13403282833362612,1
-0.36163050472465663,0.09433387718291233,1
-0.18910836682020135,0.21431166007817715,1
0.25580716292143285,1.04215984763545,0
-0.20607715064502455,-0.05659630620471226,1
-0.3278119986995274,0.13339989014984166,1
0.2213427836780898,0.22366836443948246,1
0.4503316405747627,-0.9453477072151467,0
0.2818606858137596,-0.16603246596391796,1
0.8510473018829445,0.4906001209040676,0
0.8926957875810948,0.34006268489995106,0
-0.2986102597028966,-0.0847295521031035,1
-0.13057765184284187,-0.23433951094462102,1
-0.7457355175956658,0.5693454554585815,0
-0.13678474697428739,1.0414976932031088,0
0.9948429003298609,0.36984908792813903,0
-0.028771784478173353,-0.2782752652534013,1
-0.9631096309262667,0.301316334232338,0
0.9618178212197639,-0.2211208052421335,0
-0.25409646145681214,-0.2098039998180527,1
0.001114512475118172,-1.050449248206504,0
-0.939633182358832,-0.49703143416924256,0
0.5753082122690879,-0.8164988852433337,0
-0.1858583451263056,0.3015829488081076,1
0.14659512275608805,-1.0397692216716048,0
0.16405176367642832,0.3035545132524076,1
0.9766710192041338,-0.08190314012824358,0
-0.08965057144298656,0.9006808166604772,0
0.6816143804421073,0.714078796174744,0
1.0244371828781844,-0.33725686810958944,0
-0.05787034800453264,0.2601391164684194,1
-0.00926617140620466,1.0045549386845436,0
0.20703613640311497,-0.04946573179845515,1
0.33909461783093187,0.11477521859051457,1
-0.1328485685437195,-0.3159612714028615,1
0.1509817480798201,-0.13002127791637377,1
0.7477504087998474,0.7700856483420608,0
-0.17265706099309314,-0.21450553986712434,1
1.0389375432307801,0.2212311501680712,0
-0.40091077355787913,0.9589071076652504,0
0.8495087227733991,0.5087548856825614,0
0.9299951847662469,-0.16147230528486117,0
0.10315467052696517,-0.9518589504957792,0
-0.6709693927700575,0.715934118261927,0
-0.4155695048135678,-0.052534946468789534,1
-0.8873968123255038,0.38763891861530436,0
-0.2966798360412695,-0.07559718305680295,1
0.7909759490782547,0.6306700561767244,0
0.05001362788194866,-0.34985869561743066,1
-0.449919489485778,-0.8221542240896796,0
-0.2089440976200039,0.009535848493735732,1
-0.2894203394176912,0.12738493206341694,1
-0.2719476391470473,0.16562098624872046,1
-0.8941475099603683,-0.5498204492872979,0
-0.3007588415589807,0.12266706673680144,1
-0.9810923434468599,0.027926852198498733,0
-0.3189289481111801,0.12771721392187496,1
0.9378701592915517,-0.373968632243663,0
0.8478152679440677,-0.567815021351203,0
0.24949749040151048,-0.07016295534992549,1
-0.14287509670842624,-0.294445355374206,1
0.012096274724094996,-0.33942783472496785,1
-1.005892042807644,-0.24407676977422377,0
-0.8515219781955095,0.6241716911702464,0
-0.34644856905179433,0.8665336436887141,0
0.20954208087450538,0.183061156560412,1
-0.26256165347535027,0.07057823793917628,1
0.3903064803598392,-0.8897671091666479,0
-0.30633289696828325,0.19622909301676836,1
1.0308815066121182,-0.3217806288653792,0
-0.2030206519768879,-0.2599405403627548,1
-0.31496827242615744,-0.16167502948252144,1
0.1822741395916022,0.9724568470654926,0
0.2810440305112455,0.1880225476005093,1
0.14288519382784853,-0.8994882810081686,0
0.9445081711130168,-0.0704961182519685,0
0.1693692191327798,-0.24659992710250386,1
0.20498540760121992,-0.07368331359854477,1
0.26351502495944884,0.14379825305810018,1
0.540205705926676,0.8641247092833537,0
-0.8484971392657298,0.5451114244660497,0
0.9199723338147562,0.37373918314736254,0
-0.21038782628795266,-0.030317256608673397,1
0.3579808749564484,0.08079230148255764,1
0.5291813242229542,-0.747687279757237,0
0.8703081114196173,-0.6232205274814581,0
-0.12360190263098583,-0.979771638053744,0
0.4975914358995158,0.9463421635797087,0
-0.48034405301484756,-0.814635828643773,0
0.08407456879089213,-0.30140035832098033,1
0.19174008191440087,0.13491494556521538,1
-0.37361302787548495,-0.9049022230229685,0
-0.3033986578746841,-0.07526045907978493,1
-1.0368308640657173,0.10580998915960044,0
1.0025129605382996,0.17212020904805464,0
-0.764820360414641,-0.7509189249649731,0
0.17657824482811454,0.2606946511720201,1
0.15101596632634923,-0.9929895322653611,0
-0.8801098010713932,-0.2205008563602427,0
-0.452350791557351,0.821521639000899,0
-0.10977463500991788,-0.2430510285860492,1
0.2635550633145873,-0.07363436974774898,1
0.006998255473382439,0.27457432603913573,1
-0.1162268857803295,-0.1764207264461044,1
1.000248891503013,-0.17708340869643296,0
0.22055397032205093,-0.06426822715773553,1
0.37047210763088656,0.049140270613211315,1
-0.14983555463516807,-0.1697014847475561,1
-1.0053856452762127,0.05687341279965894,0
0.21029143824022017,0.259577303613032,1
-0.08588970479041311,-0.2857565678254791,1
0.2539779539396011,0.19731290967481172,1
-0.15274775342870944,0.24815204058692555,1
-0.613239868962353,0.6561231609337441,0
-0.23453406168495664,-0.168278295441031,1
-0.32123841802509934,0.07759495277636194,1
0.9779727174149999,-0.29980459867774256,0
-0.21806934133892103,0.14005753660595366,1
0.26311507908740955,0.03780462045306409,1
0.785599613763837,0.6651850799218704,0
0.9597013221300084,-0.33975022885591577,0
0.30615179835278117,0.1544516495621952,1
-0.10591160997137365,-0.31610742357407784,1
-0.2726516218933405,-0.04063593468836367,1
-0.9928982597559,-0.016884588272009685,0
0.9306637402966049,0.2773404793377398,0
-0.7530406647357208,-0.7673893843323726,0
0.8751640424955976,-0.5757151208221949,0
-0.5330194266925846,0.9314687175058595,0
-0.8946498078651859,-0.34428376574183595,0
0.21989484504571605,-0.11047127719497091,1
-0.7947900282581198,0.6071641768849667,0
0.1607150547497286,-0.9916627919888625,0
-0.17791013586822485,-0.29824049086350585,1
0.38954616106556,-0.8874198458213366,0
1.0144949954441977,-0.07050653048900819,0
-0.3826327783967635,-0.911999089597942,0
-0.3109595970259121,0.00859554613810845,1
-0.8010923181977069,-0.6480608598064548,0
-0.1805251717246809,0.2965605027601617,1
-0.11464139799870172,1.0352175133532944,0
-0.1322687108452205,0.35367289330699747,1
-0.029124277817510064,-0.278372781169428,1
0.28196079578417393,0.9327036546726796,0
-0.03240270869771651,-1.075650468764158,0
0.38869866391224916,0.9181294138053269,0
0.8566190761162512,-0.5332695282881621,0
-0.5726761039998342,-0.8792523652881999,0
-0.8937777158159597,0.4593675598567424,0
0.8055006092037343,-0.34373387815478984,0
0.11732935632686924,0.8822042184286725,0
0.09563342202153127,0.3498993702755475,1
0.9686054358380083,0.18383145607061097,0
-0.19194369372923056,0.1642740223728744,1
0.6551353034816483,0.8894223651651124,0
0.24909083455490572,0.9257874983287457,0
-0.9853697108746171,-0.2881621551769044,0
-0.034539908503291264,-0.33498955315609685,1
0.6609045348112065,-0.7931901461417915,0
0.278414912194019,0.9673595286824783,0
